,Date,Institution_Total,Other_Corporations,Individual,Foreign_Total
0,2024/10/31,-18203,471,39263,-21531
1,2024/10/30,-18479,368,27344,-9233
2,2024/10/29,21690,547,-28049,5812
3,2024/10/28,21397,-169,-29576,8348
4,2024/10/25,20108,-79,-14094,-5935
5,2024/10/24,13072,225,-13183,-114
6,2024/10/23,16573,59,5258,-21890
7,2024/10/22,74160,-326,-53321,-20513
8,2024/10/21,72850,1920,-73148,-1622
9,2024/10/18,14504,851,20135,-35490
10,2024/10/17,166813,-275,-250224,83686
11,2024/10/16,11212,-1141,41211,-51282
12,2024/10/15,17960,3990,-1634,-20316
13,2024/10/14,48175,411,-82766,34180
14,2024/10/11,3558,-656,-4124,1222
15,2024/10/10,36279,-111,-26004,-10164
16,2024/10/08,21699,702,-25331,2930
17,2024/10/07,16332,-471,-18424,2563
18,2024/10/04,14234,348,-30315,15733
19,2024/10/02,11498,883,-10568,-1813
20,2024/09/30,584,390,12574,-13548
21,2024/09/27,24999,2420,-39884,12465
22,2024/09/26,73323,663,-102424,28438
23,2024/09/25,15957,-1543,7156,-21570
24,2024/09/24,16391,42,-31580,15147
25,2024/09/23,-36031,545,36304,-818
26,2024/09/20,-26969,609,41586,-15226
27,2024/09/19,-26948,-3928,50066,-19190
28,2024/09/13,-38297,13112,74983,-49798
29,2024/09/12,6207,13729,51949,-71885
30,2024/09/11,31757,13708,-58566,13101
31,2024/09/10,-1006,13864,-6919,-5939
32,2024/09/09,-7958,12334,6457,-10833
33,2024/09/06,-23666,12254,38000,-26588
34,2024/09/05,-3709,11625,-12465,4549
35,2024/09/04,-128711,13666,63541,51504
36,2024/09/03,-18741,12320,-6825,13246
37,2024/09/02,-22473,12786,24720,-15033
38,2024/08/30,19016,14398,-15273,-18141
39,2024/08/29,75621,14450,-106490,16419
40,2024/08/28,32891,1907,-55776,20978
41,2024/08/27,6007,1059,-18138,11072
42,2024/08/26,13170,507,-23433,9756
43,2024/08/23,5440,507,-11915,5968
44,2024/08/22,45075,681,-80867,35111
45,2024/08/21,8112,563,-15777,7102
46,2024/08/20,-331,280,1508,-1457
47,2024/08/19,10969,-352,-35396,24779
48,2024/08/16,14800,-253,-52366,37819
49,2024/08/14,-124439,-1732,145515,-19344
50,2024/08/13,-5159,-1506,-562,7227
51,2024/08/12,-23186,-524,13627,10083
52,2024/08/09,-94307,38,190561,-96292
53,2024/08/08,84338,-260,-17343,-66735
54,2024/08/07,140058,1239,-163132,21835
55,2024/08/06,-7861,344,19103,-11586
56,2024/08/05,48439,123,-25999,-22563
57,2024/08/02,88960,-2983,-102514,16537
58,2024/08/01,-8611,231,6601,1779
59,2024/07/31,16146,-504,-20241,4599
60,2024/07/30,-7460,-4020,13682,-2202
61,2024/07/29,-15299,88,-6465,21676
62,2024/07/26,20146,392,-25925,5387
63,2024/07/25,-85207,1113,54295,29799
64,2024/07/24,-25384,28,29986,-4630
65,2024/07/23,8192,67,-7339,-920
66,2024/07/22,-9232,2222,7406,-396
67,2024/07/19,-11453,-481,26949,-15015
68,2024/07/18,9457,1602,-49750,38691
69,2024/07/17,-64785,955,86534,-22704
70,2024/07/16,-23379,-1505,34850,-9966
71,2024/07/15,-19364,1572,56158,-38366
72,2024/07/12,-8441,1616,-22576,29401
73,2024/07/11,9400,-788,84240,-92852
74,2024/07/10,-51835,-733,108109,-55541
75,2024/07/09,-15326,1425,63646,-49745
76,2024/07/08,-5463,-622,9179,-3094
77,2024/07/05,-42970,140,102064,-59234
78,2024/07/04,28622,-1740,-85411,58529
79,2024/07/03,-56981,385,32197,24399
80,2024/07/02,-3686,-355,56322,-52281
81,2024/07/01,-5532,-2609,40703,-32562
82,2024/06/28,43816,1540,-141535,96179
83,2024/06/27,-58867,-1297,-20387,80551
84,2024/06/26,-44937,-675,4738,40874
85,2024/06/25,4272,131,-25847,21444
86,2024/06/24,-18196,-270,25734,-7268
87,2024/06/21,-5267,826,14824,-10383
88,2024/06/20,14757,375,-110721,95589
89,2024/06/19,-26119,-521,-1050,27690
90,2024/06/18,-77512,-1447,56878,22081
91,2024/06/17,13551,815,-73166,58800
92,2024/06/14,-22816,-3281,-36778,62875
93,2024/06/13,18465,-995,28412,-45882
94,2024/06/12,-22288,381,3814,18093
95,2024/06/11,-70820,-169,125118,-54129
96,2024/06/10,43709,1517,-114343,69117
97,2024/06/07,-36034,478,41525,-5969
98,2024/06/05,-45849,283,83804,-38238
99,2024/06/04,-181,-1678,-2482,4341
100,2024/06/03,-8993,675,13681,-5363
101,2024/05/31,-13337,2640,93235,-82538
102,2024/05/30,66543,-896,-93591,27944
103,2024/05/29,-15493,599,6080,8814
104,2024/05/28,-20030,-50,100860,-80780
105,2024/05/27,88229,3964,-105577,13384
106,2024/05/24,25569,2802,-56684,28313
107,2024/05/23,41843,3738,-72435,26854
108,2024/05/22,-23932,1178,74643,-51889
109,2024/05/21,-34677,326,81553,-47202
110,2024/05/20,-31586,-1202,67801,-35013
111,2024/05/17,-10752,628,26415,-16291
112,2024/05/16,-9096,-383,50366,-40887
113,2024/05/14,3858,371,1234,-5463
114,2024/05/13,-98530,414,203366,-105250
115,2024/05/10,8811,-4958,14810,-18663
116,2024/05/09,-32731,-1209,114282,-80342
117,2024/05/08,-8999,6762,55864,-53627
118,2024/05/07,33363,-635,-9200,-23528
119,2024/05/03,-19685,282,-34109,53512
120,2024/05/02,-41343,2174,99359,-60190
121,2024/04/30,-24576,1892,88185,-65501
122,2024/04/29,-18608,-3442,-39132,61182
123,2024/04/26,-293064,6883,349910,-63729
124,2024/04/25,-55447,-6002,95632,-34183
125,2024/04/24,-25810,3061,24567,-1818
126,2024/04/23,-240569,-5393,266692,-20730
127,2024/04/22,-138540,-3970,195469,-52959
128,2024/04/19,43839,1138,-44861,-116
129,2024/04/18,67213,-5318,-78562,16667
130,2024/04/17,30020,-129,6117,-36008
131,2024/04/16,26935,4694,-59917,28288
132,2024/04/15,2305,-323,-14220,12238
133,2024/04/12,-20628,-431,8974,12085
134,2024/04/11,-10419,1269,-1949,11099
135,2024/04/09,-6060,2603,6313,-2856
136,2024/04/08,12586,-1020,8385,-19951
137,2024/04/05,31599,-429,-31125,-45
138,2024/04/04,3588,281,-13896,10027
139,2024/04/03,5111,825,14847,-20783
140,2024/04/02,-3246,-5217,9573,-1110
141,2024/04/01,5526,185,8640,-14351
142,2024/03/29,42561,2030,-45835,1244
143,2024/03/28,43342,-8315,-70329,35302
144,2024/03/27,103425,4676,-156431,48330
145,2024/03/26,72741,5600,-67243,-11098
146,2024/03/25,83724,-1552,-163837,81665
147,2024/03/22,-7241,1282,28498,-22539
148,2024/03/21,13170,-991,-7081,-5098
149,2024/03/20,-1957,526,4748,-3317
150,2024/03/19,-67053,-524,75054,-7477
151,2024/03/18,-16618,-1535,25214,-7061
152,2024/03/15,-9684,130,13252,-3698
153,2024/03/14,-7492,811,23576,-16895
154,2024/03/13,-8084,-1012,14777,-5681
155,2024/03/12,58873,739,-51261,-8351
156,2024/03/11,84937,3688,-109521,20896
157,2024/03/08,92465,2457,-85670,-9252
158,2024/03/07,-52822,2861,47621,2340
159,2024/03/06,-39025,-858,51428,-11545
160,2024/03/05,-96509,2111,117015,-22617
161,2024/03/04,-77112,2017,162010,-86915
162,2024/02/29,-46570,2277,68789,-24496
163,2024/02/28,-12346,-866,25061,-11849
164,2024/02/27,-115678,-2502,250616,-132436
165,2024/02/26,18530,975,3380,-22885
166,2024/02/23,24854,-1830,-1885,-21139
167,2024/02/22,88848,-923,-73182,-14743
168,2024/02/21,24324,220,-39420,14876
169,2024/02/20,-29800,1164,21337,7299
170,2024/02/19,-65448,2383,78900,-15835
171,2024/02/16,-63904,2259,45374,16271
172,2024/02/15,4061,-119,-5359,1417
173,2024/02/14,70342,-1048,-100832,31538
174,2024/02/13,17096,1281,-1839,-16538
175,2024/02/08,-15824,982,-5938,20780
176,2024/02/07,-36375,709,30819,4847
177,2024/02/06,-52878,-1736,51702,2912
178,2024/02/05,-71447,565,92742,-21860
179,2024/02/02,12599,2055,-4106,-10548
180,2024/02/01,-72199,-3028,48668,26559
181,2024/01/31,-27346,-25,15681,11690
182,2024/01/30,-25401,493,19707,5201
183,2024/01/29,-133977,2518,98586,32873
184,2024/01/26,-16397,966,2339,13092
185,2024/01/25,-26571,-2078,1852,26797
186,2024/01/24,5563,1139,13084,-19786
187,2024/01/23,7587,3141,-2937,-7791
188,2024/01/22,-27329,-5156,36089,-3604
189,2024/01/19,-21971,-1029,13913,9087
190,2024/01/18,-27953,3190,21631,3132
191,2024/01/17,-25805,-1876,4427,23254
192,2024/01/16,-67332,-5136,21930,50538
193,2024/01/15,-49654,-8816,17665,40805
194,2024/01/12,-18637,-1320,22552,-2595
195,2024/01/11,25022,906,-79247,53319
196,2024/01/10,30080,-271,-8408,-21401
197,2024/01/09,-15528,704,-4616,19440
198,2024/01/08,2643,1908,2429,-6980
199,2024/01/05,26715,1412,-52530,24403
200,2024/01/04,10620,43,-6986,-3677
201,2024/01/03,-8426,1975,7714,-1263
202,2024/01/02,55602,3676,-56318,-2960
203,2023/12/28,9895,-464,-3773,-5658
204,2023/12/28,9895,-464,-3773,-5658
205,2023/12/27,14788,1075,-10384,-5479
206,2023/12/26,1134,-1421,-12877,13164
207,2023/12/22,20415,1002,-11128,-10289
208,2023/12/21,-5385,214,-7732,12903
209,2023/12/20,-16838,-2624,42540,-23078
210,2023/12/19,-7741,328,40708,-33295
211,2023/12/18,30719,285,-23192,-7812
212,2023/12/15,95,675,-36922,36152
213,2023/12/14,-121415,2595,-22705,141525
214,2023/12/13,-7009,-602,-6132,13743
215,2023/12/12,-11572,452,-8774,19894
216,2023/12/11,859,137,-2956,1960
217,2023/12/08,43170,-704,-52347,9881
218,2023/12/07,28824,-403,-9710,-18711
219,2023/12/06,36289,4790,-86176,45097
220,2023/12/05,2670,639,-21591,18282
221,2023/12/04,-16128,401,6493,9234
222,2023/12/01,7680,-3250,-25236,20806
223,2023/11/30,14987,-6036,-29820,20869
224,2023/11/29,7589,842,-10003,1572
225,2023/11/28,29920,291,-19229,-10982
226,2023/11/27,25448,3783,-16436,-12795
227,2023/11/24,45696,1993,5259,-52948
228,2023/11/23,127157,-6977,-148550,28370
229,2023/11/22,9193,-619,-6848,-1726
230,2023/11/21,7979,-164,-56182,48367
231,2023/11/20,13530,2873,-41378,24975
232,2023/11/17,-231245,5736,376522,-151013
233,2023/11/16,-44949,-6111,82420,-31360
234,2023/11/15,4135,909,-43791,38747
235,2023/11/14,-28299,-600,-11096,39995
236,2023/11/13,-91502,-1205,85430,7277
237,2023/11/10,9724,1188,6787,-17699
238,2023/11/09,-45339,-168,57253,-11746
239,2023/11/08,57394,2247,10173,-69814
240,2023/11/07,322571,-2488557,250959,1915027
241,2023/11/06,-6242,1468,-87805,92579
242,2023/11/03,-114911,-1659,205558,-88988
243,2023/11/02,57769,1058,38760,-97587
244,2023/11/01,99586,-3347,-32762,-63477
245,2023/10/31,12443,848,-8356,-4935
246,2023/10/30,10423,1330,-24393,12640
247,2023/10/27,30948,783,-89315,57584
248,2023/10/26,-42588,-2505,183003,-137910
249,2023/10/25,9287,-1360,5508,-13435
250,2023/10/24,-745,-783,-3733,5261
251,2023/10/23,12402,3331,-15344,-389
252,2023/10/20,-20994,270,20524,200
253,2023/10/19,-2931,438,-8266,10759
254,2023/10/18,-1428,194,6961,-5727
255,2023/10/17,2387,679,24293,-27359
256,2023/10/16,20369,-473,2555,-22451
257,2023/10/13,8978,-2045,4513,-11446
258,2023/10/12,25148,5833,-39982,9001
259,2023/10/11,14524,622,-14384,-762
260,2023/10/10,-394,842,-18117,17669
261,2023/10/06,5659,-792,-22989,18122
262,2023/10/05,37,-1074,-53186,54223
263,2023/10/04,-40457,1118,49013,-9674
264,2023/09/27,-3495,562,2672,261
265,2023/09/26,-8356,-1108,-7837,17301
266,2023/09/25,30987,-2224,-119873,91110
267,2023/09/22,-4567,-6224,-15560,26351
268,2023/09/21,-68437,-4597,66752,6282
269,2023/09/20,-49906,693,51231,-2018
270,2023/09/19,-8470,-223,-8161,16854
271,2023/09/18,-3821,-774,20592,-15997
272,2023/09/15,21316,284,4662,-26262
273,2023/09/14,7759,24,-22647,14864
274,2023/09/13,-66,808,17795,-18537
275,2023/09/12,27082,-428,-14521,-12133
276,2023/09/11,-6164,80,3111,2973
277,2023/09/08,-20207,1148,-12036,31095
278,2023/09/07,-21052,1537,-4441,23956
279,2023/09/06,-7979,1629,13691,-7341
280,2023/09/05,-1079,-220,-3766,5065
281,2023/09/04,14184,-932,6971,-20223
282,2023/09/01,29122,1622,-7474,-23270
283,2023/08/31,44547,-1039,-53902,10394
284,2023/08/30,-14306,791,11149,2366
285,2023/08/29,33725,470,-12994,-21201
286,2023/08/28,30704,175,5307,-36186
287,2023/08/25,3420,1013,-21121,16688
288,2023/08/24,-6137,-3146,-1305,10588
289,2023/08/23,-17681,-316,17582,415
290,2023/08/22,-12200,491,7911,3798
291,2023/08/21,-657,-336,-8121,9114
292,2023/08/18,-33457,602,-10790,43645
293,2023/08/17,-60976,-1322,4803,57495
294,2023/08/16,-81923,-1110,26910,56123
295,2023/08/14,-49047,625,13831,34591
296,2023/08/11,-14125,158,31384,-17417
297,2023/08/10,-53998,137,91635,-37774
298,2023/08/09,-76807,1647,163340,-88180
299,2023/08/08,94322,5232,21066,-120620
300,2023/08/07,55519,4136,-2183,-57472
301,2023/08/04,70846,8899,-174743,94998
302,2023/08/03,-43544,531,11673,31340
303,2023/08/02,-42644,630,-7333,49347
304,2023/08/01,-116920,-1255,144127,-25952
305,2023/07/31,-13093,176,-27911,40828
306,2023/07/28,-20667,543,23116,-2992
307,2023/07/27,3768,-1161,-59514,56907
308,2023/07/26,-21294,1993,71723,-52422
309,2023/07/25,23728,-845,-56506,33623
310,2023/07/24,8746,841,-91091,81504
311,2023/07/21,-113627,-117,203315,-89571
312,2023/07/20,29352,-512,-33687,4847
313,2023/07/19,-3894,574,-6412,9732
314,2023/07/18,-12447,801,17074,-5428
315,2023/07/17,25600,1657,-32748,5491
316,2023/07/14,-20715,-3795,10095,14415
317,2023/07/13,-17750,112,80371,-62733
318,2023/07/12,-43807,-2040,43131,2716
319,2023/07/11,-46372,-528,8860,38040
320,2023/07/10,-46298,-5244,143033,-91491
321,2023/07/07,55817,362,-40297,-15882
322,2023/07/06,1399,2071,14531,-18001
323,2023/07/05,-9689,-3000,60071,-47382
324,2023/07/04,-7577,3127,22770,-18320
325,2023/07/03,3779,410,44134,-48323
326,2023/06/30,1555,-2860,41292,-39987
327,2023/06/29,-45500,-651,23293,22858
328,2023/06/28,8471,-5899,15125,-17697
329,2023/06/27,35800,5419,52362,-93581
330,2023/06/26,17067,-262,-358,-16447
331,2023/06/23,35270,946,63471,-99687
332,2023/06/22,122320,3497,-21023,-104794
333,2023/06/21,23065,-18763,16571,-20873
334,2023/06/20,84739,-959,-18403,-65377
335,2023/06/19,25304,1214,-6047,-20471
336,2023/06/16,13088,1635,16108,-30831
337,2023/06/15,82732,6026,-34904,-53854
338,2023/06/14,75286,190,-15044,-60432
339,2023/06/13,77740,0,-25393,-52347
340,2023/06/12,56603,334,-56314,-623
341,2023/06/09,61187,488,-89320,27645
342,2023/06/08,33329,-743,-2569,-30017
343,2023/06/07,6910,-1055,-14544,8689
344,2023/06/05,-36841,402,20857,15582
345,2023/06/02,-11451,-547,64672,-52674
346,2023/06/01,28173,870,-23679,-5364
347,2023/05/31,44264,-2922,-25872,-15470
348,2023/05/30,49033,2279,-37524,-13788
349,2023/05/26,48878,-596,-48925,643
350,2023/05/25,-23749,0,-859,24608
351,2023/05/24,-39962,1298,70383,-31719
352,2023/05/23,-13194,-6593,-25714,45501
353,2023/05/22,-87161,-412,32121,55452
354,2023/05/19,-16321,5581,-18991,29731
355,2023/05/18,-3430,644,6134,-3348
356,2023/05/17,47152,11375,-30754,-27773
357,2023/05/16,36708,-1917,-11700,-23091
358,2023/05/15,-3730,872,11776,-8918
359,2023/05/12,-6966,817,3657,2492
360,2023/05/11,10406,1613,-19200,7181
361,2023/05/10,10628,-727,-15633,5732
362,2023/05/09,-10983,-1079,-14218,26280
363,2023/05/08,-43128,-105,-4485,47718
364,2023/05/04,-22797,1163,19137,2497
365,2023/05/03,-30521,7175,-32413,55759
366,2023/05/02,88070,1321,-81470,-7921
367,2023/04/28,14674,-56,-28119,13501
368,2023/04/27,-12067,758,-15156,26465
369,2023/04/26,41500,2412,-18425,-25487
370,2023/04/25,36623,961,-16900,-20684
371,2023/04/24,59509,4084,-29992,-33601
372,2023/04/21,-5332,914,-22277,26695
373,2023/04/20,7359,1277,-41666,33030
374,2023/04/19,-24818,-2777,-51791,79386
375,2023/04/18,-14518,315,-25803,40006
376,2023/04/17,-32226,-1780,-29529,63535
377,2023/04/14,30156,-2700,-124690,97234
378,2023/04/13,9140,2278,-14623,3205
379,2023/04/12,6653,133,-90478,83692
380,2023/04/11,25769,129,-42716,16818
381,2023/04/10,36899,372,-57366,20095
382,2023/04/07,114118,7381,-152628,31129
383,2023/04/06,97646,-45,-256142,158541
384,2023/04/05,22685,101,-37941,15155
385,2023/04/04,18551,-82,-81134,62665
386,2023/04/03,-9708,-410,24116,-13998
387,2023/03/31,-15292,-576,-21836,37704
388,2023/03/30,6953,-89,-7532,668
389,2023/03/29,21932,-123,-57794,35985
390,2023/03/28,58956,-24,-81066,22134
391,2023/03/27,-37023,-1187,13516,24694
392,2023/03/24,-14247,-2896,-20703,37846
393,2023/03/23,-14245,447,-20030,33828
394,2023/03/22,20886,-1030,-32098,12242
395,2023/03/21,67576,-749,-104127,37300
396,2023/03/20,23388,3416,-93917,67113
397,2023/03/17,-11410,-763,-44827,57000
398,2023/03/16,257,-98,-78532,78373
399,2023/03/15,27384,361,7401,-35146
400,2023/03/14,-12330,1989,128530,-118189
401,2023/03/13,77239,-1644,-139049,63454
402,2023/03/10,27315,-1360,-78260,52305
403,2023/03/09,-19071,-126,-9103,28300
404,2023/03/08,-104658,595,106647,-2584
405,2023/03/07,-1690,-1666,-14405,17761
406,2023/03/06,-12411,2153,-20474,30732
407,2023/03/03,1634,60,-8149,6455
408,2023/03/02,8794,-1412,-13483,6101
409,2023/02/28,19304,-1157,-66349,48202
410,2023/02/27,-15147,379,-17918,32686
411,2023/02/24,-1040,171,43725,-42856
412,2023/02/23,-12705,-271,16808,-3832
413,2023/02/22,-29342,945,11060,17337
414,2023/02/21,-23073,-4349,3789,23633
415,2023/02/20,18610,86,-19167,471
416,2023/02/17,-179906,320,124994,54592
417,2023/02/16,-64213,-5002,46625,22590
418,2023/02/15,-32233,-5587,28103,9717
419,2023/02/14,10373,-104,-73805,63536
420,2023/02/13,-143856,-9463,166869,-13550
421,2023/02/10,-210768,1556,258862,-49650
422,2023/02/09,4657,-6887,12793,-10563
423,2023/02/08,92367,7595,-112570,12608
424,2023/02/07,12093,9785,-5301,-16577
425,2023/02/06,-27461,-679,79181,-51041
426,2023/02/03,28959,175,-108405,79271
427,2023/02/02,-36190,5307,34535,-3652
428,2023/02/01,-8639,95,16025,-7481
429,2023/01/31,22819,776,-9030,-14565
430,2023/01/30,-19564,1972,53251,-35659
431,2023/01/27,4216,3098,-26508,19194
432,2023/01/26,20974,104,-61046,39968
433,2023/01/25,-16948,-1447,8070,10325
434,2023/01/20,-7818,-1492,22614,-13304
435,2023/01/19,50263,-8407,-71012,29156
436,2023/01/18,41007,-926,-18758,-21323
437,2023/01/17,35218,-310,18106,-53014
438,2023/01/16,30478,-7156,-30149,6827
439,2023/01/13,6030,-4875,-13157,12002
440,2023/01/12,-7249,3954,13662,-10367
441,2023/01/11,17903,826,-25166,6437
442,2023/01/10,-3506,1203,19184,-16881
443,2023/01/09,20919,-4400,-72682,56163
444,2023/01/06,-9184,-16163,57961,-32614
445,2023/01/05,-7511,-1674,-31078,40263
446,2023/01/04,-27022,378,67200,-40556
447,2023/01/03,3073,-563,-44232,41722
448,2023/01/02,-5440,-20,45339,-39879
449,2022/12/29,24062,-138,-22554,-1370
450,2022/12/28,-3232,-569,1121,2680
451,2022/12/27,10539,1651,-15857,3667
452,2022/12/26,37761,1442,-20152,-19051
453,2022/12/23,31124,1050,-19725,-12449
454,2022/12/22,92905,-1617,-55829,-35459
455,2022/12/21,99749,1119,-70216,-30652
456,2022/12/20,10653,-488,2958,-13123
457,2022/12/19,24972,3437,-18431,-9978
458,2022/12/16,12202,-842,-81157,69797
459,2022/12/15,-13651,2159,38369,-26877
460,2022/12/14,78692,1740,-49892,-30540
461,2022/12/13,31107,372,1143,-32622
462,2022/12/12,59657,-965,-10668,-48024
463,2022/12/09,122693,-3297,-93219,-26177
464,2022/12/08,17215,-1207,-4824,-11184
465,2022/12/07,17676,615,-1070,-17221
466,2022/12/06,-5216,-53,28868,-23599
467,2022/12/05,45029,393,638,-46060
468,2022/12/02,20202,-753,22595,-42044
469,2022/12/01,151643,1142,-118593,-34192
470,2022/11/30,-14726,-2034,4357,12403
471,2022/11/29,57323,-1576,-66782,11035
472,2022/11/28,-1451,1880,1071,-1500
473,2022/11/25,11757,-449,10871,-22179
474,2022/11/24,45451,2727,-11529,-36649
475,2022/11/23,45773,-5758,-57188,17173
476,2022/11/22,-4510,-6136,15840,-5194
477,2022/11/21,15088,67,5559,-20714
478,2022/11/18,-22286,-2060,23773,573
479,2022/11/17,53011,2125,-27684,-27452
480,2022/11/16,38225,-72,-6487,-31666
481,2022/11/15,614,36,-16650,16000
482,2022/11/14,-10752,-144,35974,-25078
483,2022/11/11,137325,161,-142876,5390
484,2022/11/10,-6854,37,7974,-1157
485,2022/11/09,42450,269,-18250,-24469
486,2022/11/08,59444,-1005,-54176,-4263
487,2022/11/07,5640,9,-20063,14414
488,2022/11/04,-53330,-2527,12690,43167
489,2022/11/03,-8968,-3631,20458,-7859
490,2022/11/02,27096,5033,-52543,20414
491,2022/11/01,27713,-4950,-17861,-4902
492,2022/10/31,21125,-308,-950,-19867
493,2022/10/28,33158,3188,-14708,-21638
494,2022/10/27,31024,-125,-45872,14973
495,2022/10/26,-11766,-2056,2019,11803
496,2022/10/25,38097,537,-51132,12498
497,2022/10/24,34876,39,-672,-34243
498,2022/10/21,-6376,68,-17627,23935
499,2022/10/20,-28573,-108,8440,20241
500,2022/10/19,-24580,740,4735,19105
501,2022/10/18,105378,9709,-7376,-107711
502,2022/10/17,-51921,-824,-38833,91578
503,2022/10/14,58243,-434,-36557,-21252
504,2022/10/13,2536,-1149,-13129,11742
505,2022/10/12,5269,232,42452,-47953
506,2022/10/11,-37342,-105,-28321,65768
507,2022/10/07,1760,-779,44642,-45623
508,2022/10/06,-22179,759,15365,6055
509,2022/10/05,-26271,4954,39943,-18626
510,2022/10/04,2825,499,27630,-30954
511,2022/09/30,42075,-133,-55194,13252
512,2022/09/29,-43618,-651,-41385,85654
513,2022/09/28,-26046,321,15336,10389
514,2022/09/27,-1688,1246,2282,-1840
515,2022/09/26,11501,26,-34080,22553
516,2022/09/23,-5285,1380,-7433,11338
517,2022/09/22,-14183,329,47380,-33526
518,2022/09/21,-10357,277,13027,-2947
519,2022/09/20,20328,-338,-9615,-10375
520,2022/09/19,15511,241,-14826,-926
521,2022/09/16,-27375,-13,13125,14263
522,2022/09/15,-21011,109,21202,-300
523,2022/09/14,-4723,-280,2360,2643
524,2022/09/13,3330,47,-21835,18458
525,2022/09/08,6659,-113,-15557,9011
526,2022/09/07,-54049,-6639,17132,43556
527,2022/09/06,-63326,169,130038,-66881
528,2022/09/05,-8355,-1010,-19790,29155
529,2022/09/02,17148,-360,-46730,29942
530,2022/09/01,-26294,817,148065,-122588
531,2022/08/31,42043,647,-1647,-41043
532,2022/08/30,-3649,5555,-35479,33573
533,2022/08/29,-81667,1329,99991,-19653
534,2022/08/26,-14077,-1034,-30236,45347
535,2022/08/25,-12630,1370,2834,8426
536,2022/08/24,-28399,-178,-4238,32815
537,2022/08/23,-75977,335,82264,-6622
538,2022/08/22,15314,19,1368,-16701
539,2022/08/19,-16894,-3461,-27824,48179
540,2022/08/18,-16820,-2676,-8077,27573
541,2022/08/17,-25432,-9600,12795,22237
542,2022/08/16,43279,4219,-46252,-1246
543,2022/08/12,-19382,-333,-14012,33727
544,2022/08/11,30433,415,-11317,-19531
545,2022/08/10,-8824,-1008,62761,-52929
546,2022/08/09,74564,-7225,-85913,18574
547,2022/08/08,-6044,-965,-18353,25362
548,2022/08/05,6475,4734,-24265,13056
549,2022/08/04,-14713,233,-20138,34618
550,2022/08/03,-5783,-5027,-62270,73080
551,2022/08/02,-90671,4061,161244,-74634
552,2022/08/01,-16361,2967,62659,-49265
553,2022/07/29,61870,-1143,-46174,-14553
554,2022/07/28,41408,-22021,27221,-46608
555,2022/07/27,-1280,5258,9256,-13234
556,2022/07/26,-471,-3506,36445,-32468
557,2022/07/25,58871,13598,7820,-80289
558,2022/07/22,18455,7914,-57992,31623
559,2022/07/21,3076,266,-53939,50597
560,2022/07/20,-31625,-2513,17158,16980
561,2022/07/19,-60271,-2472,52606,10137
562,2022/07/18,-57183,-5781,40986,21978
563,2022/07/15,-14922,-1630,23880,-7328
564,2022/07/14,75758,240,-52288,-23710
565,2022/07/13,15324,-1827,-17830,4333
566,2022/07/12,-35176,-3742,-1420,40338
567,2022/07/11,-49471,-3953,39000,14424
568,2022/07/08,5943,3855,47474,-57272
569,2022/07/07,21276,4765,-33805,7764
570,2022/07/06,5641,-584,-14599,9542
571,2022/07/05,9772,-3591,-86251,80070
572,2022/07/04,25296,648,-9987,-15957
573,2022/07/01,-19133,2626,591,15916
574,2022/06/30,3865,-1214,23798,-26449
575,2022/06/29,7341,-159,-61093,53911
576,2022/06/28,70262,1489,-36701,-35050
577,2022/06/27,60471,3155,-68646,5020
578,2022/06/24,41194,1611,-69596,26791
579,2022/06/23,167,-1895,-133802,135530
580,2022/06/22,-35737,3121,54809,-22193
581,2022/06/21,36842,-769,-72920,36847
582,2022/06/20,-4212,1787,-54518,56943
583,2022/06/17,5541,1437,-43285,36307
584,2022/06/16,20669,33439,287258,-341366
585,2022/06/15,-312594,25012,257028,30554
586,2022/06/14,-63339,1297,-21362,83404
587,2022/06/13,-66592,-1656,58497,9751
588,2022/06/10,5681,-606,28710,-33785
589,2022/06/09,73151,-418,-20530,-52203
590,2022/06/08,-5956,254,1231,4471
591,2022/06/07,-18522,215,39334,-21027
592,2022/06/03,28139,-2440,-12558,-13141
593,2022/06/02,-1398,1201,38772,-38575
594,2022/05/31,46765,512,-17827,-29450
595,2022/05/30,27566,1702,-44133,14865
596,2022/05/27,-5891,611,17775,-12495
597,2022/05/26,-25223,-867,38002,-11912
598,2022/05/25,6213,-71,-23973,17831
599,2022/05/24,701,-156,1398,-1943
600,2022/05/23,-774,-78,10651,-9799
601,2022/05/20,-55655,-4552,40752,19455
602,2022/05/19,-33125,-265,-724,34114
603,2022/05/18,-17708,-129,10406,7431
604,2022/05/17,3527,428,-11792,7837
605,2022/05/16,-16978,149,22920,-6091
606,2022/05/13,-30239,-2919,7008,26150
607,2022/05/12,-111832,-2494,39551,74775
608,2022/05/11,-21986,1193,38652,-17859
609,2022/05/10,-55771,-2360,49257,8874
610,2022/05/09,-45187,218,1399,43570
611,2022/05/06,-44484,-137,43948,673
612,2022/05/04,-81574,-745,122969,-40650
613,2022/05/03,2010,-186,-431,-1393
614,2022/05/02,-15548,-129,21598,-5921
615,2022/04/29,-69676,-189,97655,-27790
616,2022/04/28,-5328,-1140,29085,-22617
617,2022/04/27,24132,-134,27056,-51054
618,2022/04/26,23040,872,-20588,-3324
619,2022/04/25,-21565,106,15844,5615
620,2022/04/22,-57219,1949,49408,5862
621,2022/04/21,-61344,-1347,27270,35421
622,2022/04/20,-139937,-4908,129120,15725
623,2022/04/19,-28193,-163,28200,156
624,2022/04/18,-60964,-2283,79287,-16040
625,2022/04/15,-10298,-165,15582,-5119
626,2022/04/14,16660,1452,3069,-21181
627,2022/04/13,67897,800,-68225,-472
628,2022/04/12,-24834,1990,31481,-8637
629,2022/04/11,-17178,484,71579,-54885
630,2022/04/08,-59518,1980,75049,-17511
631,2022/04/07,-62141,1467,23037,37637
632,2022/04/06,-42793,-1443,35401,8835
633,2022/04/05,-9176,282,4937,3957
634,2022/04/04,-3538,1894,39093,-37449
635,2022/04/01,32791,-2637,-25483,-4671
636,2022/03/31,18786,393,-12248,-6931
637,2022/03/30,15313,-996,-90996,76679
638,2022/03/29,19809,-923,-11233,-7653
639,2022/03/28,1895,-284,16476,-18087
640,2022/03/25,3359,-99,-20574,17314
641,2022/03/24,-468,815,5738,-6085
642,2022/03/23,37508,-55,-52384,14931
643,2022/03/22,21516,838,-40580,18226
644,2022/03/21,-12312,3369,8870,73
645,2022/03/18,-10965,142,-30675,41498
646,2022/03/17,7304,-95,-67639,60430
647,2022/03/16,-20100,-1648,28496,-6748
648,2022/03/15,-40967,-1765,47737,-5005
649,2022/03/14,-8397,-3440,-16220,28057
650,2022/03/11,-7060,2153,14058,-9151
651,2022/03/10,53332,-135,-67361,14164
652,2022/03/08,4326,-544,6479,-10261
653,2022/03/07,-19102,-31,4456,14677
654,2022/03/04,-33001,-618,16462,17157
655,2022/03/03,-74505,164,80409,-6068
656,2022/03/02,-8090,1502,-10998,17586
657,2022/02/28,-4363,-805,-12714,17882
658,2022/02/25,31824,1737,7107,-40668
659,2022/02/24,54657,929,-12366,-43220
660,2022/02/23,59267,1321,25999,-86587
661,2022/02/22,90429,5264,50648,-146341
662,2022/02/21,79991,3717,-16845,-66863
663,2022/02/18,11796,464,39578,-51838
664,2022/02/17,64869,1633,19129,-85631
665,2022/02/16,30383,533,-51801,20885
666,2022/02/15,-44541,163,85648,-41270
667,2022/02/14,962,-519,-34339,33896
668,2022/02/11,-41774,427,5171,36176
669,2022/02/10,-40500,212,35939,4349
670,2022/02/09,3178,2638,49968,-55784
671,2022/02/08,27272,-923,-19676,-6673
672,2022/02/07,-12067,-464,112486,-99955
673,2022/02/04,58440,1527,16822,-76789
674,2022/02/03,8192,3765,13273,-25230
675,2022/01/28,-76513,-2844,25614,53743
676,2022/01/27,-59375,396,-28775,87754
677,2022/01/26,-70371,-1567,29504,42434
678,2022/01/25,16086,3297,6241,-25624
679,2022/01/24,-2732,-2453,7585,-2400
680,2022/01/21,-8423,-2294,38977,-28260
681,2022/01/20,55336,-2049,-1170,-52117
682,2022/01/19,-12404,-905,9636,3673
683,2022/01/18,-3281,2859,25096,-24674
684,2022/01/17,1158,543,17956,-19657
685,2022/01/14,-44723,-870,40941,4652
686,2022/01/13,-31181,270,32923,-2012
687,2022/01/12,10277,-1247,12496,-21526
688,2022/01/11,-39052,1213,40675,-2836
689,2022/01/10,-36882,-1718,19468,19132
690,2022/01/07,-20942,161,35960,-15179
691,2022/01/06,-145213,-2717,103379,44551
692,2022/01/05,-193929,-609,176022,18516
693,2022/01/04,-47624,530,91755,-44661
694,2022/01/03,-15902,522,27045,-11665
